cell_id,batch,cycle_life,policy,model_eligible,model_exclusion_reason,mean_QD,mean_IR,mean_Tavg,mean_Tmax,mean_chargetime,C1,C2,SOC_switch,dq_log_variance,dq_band_gap
b1c0,1,1190.0,3.6C(80%)-3.6C,False,continuation recorded elsewhere; this file alone does not provide complete life,1.0759184336734693,0.01664332204040404,31.603747328822767,35.376748303030304,13.384230505050484,3.6,3.6,80.0,-5.014861042960788,-0.0072345184688484485
b1c1,1,1179.0,3.6C(80%)-3.6C,False,continuation recorded elsewhere; this file alone does not provide complete life,1.0812468797979797,0.0169217703877551,31.33031430692745,34.16065478787879,13.374696464646446,3.6,3.6,80.0,-5.013959617162855,-0.005582427929902228
b1c2,1,1177.0,3.6C(80%)-3.6C,False,continuation recorded elsewhere; this file alone does not provide complete life,1.0853711969696969,0.016768978602040817,31.47958411321121,34.54464383838384,13.378886329966337,3.6,3.6,80.0,-4.7369997419805365,-0.007661943538553405
b1c3,1,1226.0,4C(80%)-4C,False,continuation recorded elsewhere; this file alone does not provide complete life,1.0849489696969699,0.016310912734693876,29.942198807956427,30.662263141414144,12.053277171717166,4.0,4.0,80.0,-4.442613359277012,-0.012595761490249636
b1c4,1,1227.0,4C(80%)-4C,False,continuation recorded elsewhere; this file alone does not provide complete life,1.082843531313131,0.016668886163265305,31.44888383416564,34.38251588888889,12.053313636363642,4.0,4.0,80.0,-4.647743660307859,-0.00977021401531062
b1c5,1,1074.0,4.4C(80%)-4.4C,True,,1.0803274434343435,0.016270388575757577,30.92149771366389,33.02000678787879,10.955934948979651,4.4,4.4,80.0,-4.178877963304522,-0.014708338516429617
b1c6,1,636.0,4.8C(80%)-4.8C,True,,1.0809117848484848,0.01667571006122449,32.27384521945563,35.79263145454546,10.04485760942758,4.8,4.8,80.0,-3.7688779002277237,-0.026603501831869467
b1c7,1,870.0,4.8C(80%)-4.8C,True,,1.0969264323232324,0.016213918408163264,31.990084509217034,35.32269474747474,10.044094528619514,4.8,4.8,80.0,-3.8134860773269867,-0.023704126142274524
b1c8,1,879.0,5.4C(40%)-3.6C,False,author identifies EOL not reached,1.0947719373737375,0.016711705707070708,32.076506270161325,34.45206194949494,11.24361163299663,5.4,3.6,40.0,-4.001194608771134,-0.020066907315314984
b1c9,1,1054.0,5.4C(40%)-3.6C,True,,1.0876998484848484,0.01683536523232323,32.64153361126789,35.98493365656566,11.241857609427619,5.4,3.6,40.0,-4.059383677769545,-0.019552264529247312
b1c10,1,906.0,5.4C(50%)-3C,False,author identifies EOL not reached,1.0817046181818184,0.016563968428571427,33.208150668462316,36.87145022222223,11.688040235690274,5.4,3.0,50.0,-4.022573146487059,-0.02095734930446861
b1c11,1,788.0,5.4C(50%)-3C,True,,1.060083885858586,0.01620072782653061,32.75932260623101,36.23175358585859,11.684114427609464,5.4,3.0,50.0,-4.146896530502188,-0.01935970636031281
b1c12,1,902.0,5.4C(50%)-3.6C,False,author identifies EOL not reached,1.082155223232323,0.01643905623232323,33.4580219141428,37.448847525252525,10.68385405723906,5.4,3.6,50.0,-4.125190648988873,-0.017111402527406002
b1c13,1,897.0,5.4C(50%)-3.6C,False,author identifies EOL not reached,1.0842732373737374,0.01703655094949495,32.09216634315908,34.67959250505051,10.685353013468022,5.4,3.6,50.0,-4.048006457642694,-0.01718951432496077
b1c14,1,880.0,5.4C(60%)-3C,True,,1.0761029171717171,0.016975001838383838,33.07746279993842,36.63094507070707,10.794674115646261,5.4,3.0,60.0,-4.046069839990279,-0.018830385645836688
b1c15,1,719.0,5.4C(60%)-3C,True,,1.0676568858585858,0.016839986434343434,33.147720104395674,37.056188636363636,10.795610034013558,5.4,3.0,60.0,-4.017949103167607,-0.021310048832279507
b1c16,1,862.0,5.4C(60%)-3.6C,True,,1.0864695565656566,0.016697524142857148,32.41716254671688,35.85141423232323,10.12547436026938,5.4,3.6,60.0,-4.099413675443745,-0.015874526169021776
b1c17,1,857.0,5.4C(60%)-3.6C,True,,1.0771062363636363,0.016676227535353534,32.088753858534446,35.43276257575758,10.13811205387206,5.4,3.6,60.0,-3.970159451162403,-0.020106648190805293
b1c18,1,691.0,5.4C(70%)-3C,True,,1.068100106122449,0.018004754414141413,31.831057275618022,35.415118353535355,9.925956313131316,5.4,3.0,70.0,-3.650080545153841,-0.026442313673750023
b1c19,1,788.0,5.4C(70%)-3C,True,,1.0883684717171715,0.01632486908080808,33.044085397077396,36.83902758585858,9.930255336700304,5.4,3.0,70.0,-3.6199068274368353,-0.030524172512046872
b1c20,1,534.0,5.4C(80%)-5.4C,True,,1.0698410858585858,0.015210366091836734,32.15292201754506,34.92834715151515,9.027207626262616,5.4,5.4,80.0,-3.367237410245857,-0.03224976374327842
b1c21,1,559.0,5.4C(80%)-5.4C,True,,1.082226497979798,0.015090236234693879,33.13697371135653,36.94892544444444,8.987271380471347,5.4,5.4,80.0,-3.3503380515995875,-0.037797973234328285
b1c22,1,891.0,6C(30%)-3.6C,False,author identifies EOL not reached,1.082979815151515,0.0165919733030303,32.84391283877385,36.64192422222223,11.46291215488218,6.0,3.6,30.0,-3.9521686731427805,-0.019703655628869218
b1c23,1,1014.0,6C(30%)-3.6C,True,,1.0824610575757576,0.016824002585858585,31.99077454717494,34.8727843939394,11.458691784511789,6.0,3.6,30.0,-4.0407936433278895,-0.017555679078342202
b1c24,1,1017.0,6C(40%)-3C,True,,1.0780331868686868,0.016587448888888887,33.378063951824195,36.866496545454545,12.128487205387225,6.0,3.0,40.0,-3.938662523656534,-0.02161724076560854
b1c25,1,854.0,6C(40%)-3C,True,,1.078847887878788,0.0165961417979798,33.848557073949294,37.990239878787875,12.137498080808081,6.0,3.0,40.0,-4.027888820540259,-0.01973811909187165
b1c26,1,870.0,6C(40%)-3.6C,True,,1.0905742878787879,0.016285491838383837,33.15641406115227,36.41381293939394,10.800664208754247,6.0,3.6,40.0,-3.7952199967853435,-0.023537995074826498
b1c27,1,842.0,6C(40%)-3.6C,True,,1.0820360393939392,0.01609890666666667,33.89497000372245,37.51131004040404,10.803712340067367,6.0,3.6,40.0,-3.8537032000559392,-0.023255006400926273
b1c28,1,860.0,6C(50%)-3C,True,,1.0806956292929293,0.01668003754545454,33.773800525042,37.491157878787874,11.138253585858592,6.0,3.0,50.0,-3.844711807496199,-0.022202592891125375
b1c29,1,917.0,6C(50%)-3C,True,,1.0827828212121215,0.016545523626262625,32.70415601771739,35.39940990909091,11.151875336700314,6.0,3.0,50.0,-3.8382817049630766,-0.022427104741414013
b1c30,1,709.0,6C(50%)-3.6C,True,,1.0828237171717172,0.01600942625252525,33.54008830692456,36.797617333333335,10.124524292929316,6.0,3.6,50.0,-3.744699217898308,-0.02660974131087224
b1c31,1,876.0,6C(50%)-3.6C,True,,1.097068405050505,0.016865566141414143,30.375396745150564,30.709141161616163,10.126957558922545,6.0,3.6,50.0,-3.777732624088043,-0.023712553708197776
b1c32,1,731.0,6C(60%)-3C,True,,1.0806714494949494,0.016167064252525253,33.08050304573434,36.23561784848484,10.129902676767715,6.0,3.0,60.0,-3.6464634970703615,-0.02832594347915888
b1c33,1,757.0,6C(60%)-3C,True,,1.0954916464646465,0.016483775656565655,33.67169761442224,37.731304424242424,10.129993047138067,6.0,3.0,60.0,-3.6670575975866413,-0.024435766224666505
b1c34,1,742.0,7C(30%)-3.6C,True,,1.0800699888888887,0.01685519708080808,32.66455167507311,36.08252629292929,11.035507962962974,7.0,3.6,30.0,-3.848616157008837,-0.019318538848030527
b1c35,1,703.0,7C(30%)-3.6C,True,,1.0745076737373735,0.016967092292929295,32.09733437854189,34.87752171717172,11.036444074074083,7.0,3.6,30.0,-3.7726058155960294,-0.023645074559401028
b1c36,1,704.0,7C(40%)-3C,True,,1.0812765595959595,0.016437746262626264,32.04688205693082,33.970878757575754,11.554803670033683,7.0,3.0,40.0,-3.6695013425959444,-0.025960530342626867
b1c37,1,648.0,7C(40%)-3C,True,,1.0780300424242424,0.01654642202020202,32.95969887229894,36.05156987878787,11.561455202020227,7.0,3.0,40.0,-3.673938893314921,-0.02837082931014564
b1c38,1,617.0,7C(40%)-3.6C,True,,1.075801506060606,0.01621205696969697,33.69474656343401,37.29856363636363,10.23158840067342,7.0,3.6,40.0,-3.4330481735466756,-0.03487532986871837
b1c39,1,625.0,7C(40%)-3.6C,True,,1.085658998989899,0.016691104555555555,33.50643317156701,37.403860242424244,10.242025976430945,7.0,3.6,40.0,-3.5045337204530713,-0.0330268757010534
b1c40,1,966.0,8C(15%)-3.6C,True,,1.0869299777777777,0.01667927321212121,33.45968416375564,37.756139949494944,12.087224326599337,8.0,3.6,15.0,-4.0552127051547355,-0.01816915085660898
b1c41,1,1051.0,8C(15%)-3.6C,True,,1.082886786868687,0.016744890505050507,33.07332253245542,36.8232453030303,12.091290892255918,8.0,3.6,15.0,-4.071513969179501,-0.0176491795856677
b1c42,1,702.0,8C(25%)-3.6C,True,,1.083889183838384,0.01671562283838384,33.58506724391689,37.673212,11.178124326599383,8.0,3.6,25.0,-3.6658557852690015,-0.02707077960746078
b1c43,1,651.0,8C(25%)-3.6C,True,,1.070522194949495,0.016104855565656565,33.339782658681436,36.82060524242424,11.17782324915825,8.0,3.6,25.0,-3.667779071634814,-0.02858628879453553
b1c44,1,616.0,8C(35%)-3.6C,True,,1.0868420717171718,0.01741384996969697,32.55333216968653,35.79095866666667,10.258049427609434,8.0,3.6,35.0,-3.42070000480644,-0.03154258728801313
b1c45,1,599.0,8C(35%)-3.6C,True,,1.0871594505050506,0.016674251585858585,33.0005473910965,36.69642807070708,10.257274326599303,8.0,3.6,35.0,-3.425292235698853,-0.03181223734273804
b2c0,2,477.0,5.2C(58%)-4C,True,,1.105088570707071,0.017335808494949492,31.808470926230026,35.36620380400637,10.17325806397317,5.2,4.0,58.0,-3.4872647963011447,-0.030402580121641504
b2c1,2,491.0,5.6C(26%)-4.5C,True,,1.1049235595959594,0.01755231991919192,33.60099815475848,36.451634705216804,10.198514225589118,5.6,4.5,26.0,-3.2980513654760366,-0.033034012772779266
b2c2,2,424.0,5.2C(50%)-4.25C,True,,1.0746630466666667,0.01646109804040404,33.17566129490617,37.429077970616994,10.17503702020208,5.2,4.25,50.0,-3.4602483651128177,-0.034892631714098066
b2c3,2,499.0,4.65C(44%)-5C,True,,1.1014852565656565,0.01591516953535354,33.93805810095692,38.772733971659186,10.173178956229002,4.65,5.0,44.0,-3.496242996974693,-0.035926460471789205
b2c4,2,444.0,4.65C(69%)-6C,True,,1.0859254535353535,0.016186317888888888,33.04820861652687,37.435182660123296,10.231960420875373,4.65,6.0,69.0,-3.232506812226559,-0.04221804033500244
b2c5,2,416.0,3.6C(30%)-6C,True,,1.0879375151515152,0.015297588929292928,33.01307013030371,37.65087846482749,10.198699713804725,3.6,6.0,30.0,-3.085881724279185,-0.041246771472679924
b2c6,2,393.0,3.6C(9%)-5C,True,,1.0929755737373739,0.016037468727272727,33.81904518975318,39.79713499833347,10.17931370370378,3.6,5.0,9.0,-3.53003968650195,-0.03458774947057856
b2c7,2,777.0,4.8C(80%)-4.8C,True,,1.0930350373737374,0.014790622575757575,33.769687089746824,37.14950685044426,10.035777525252517,4.8,4.8,80.0,-4.231670089905405,-0.016196273237986343
b2c8,2,904.0,5.2C(58%)-4C,True,,1.0901590962626262,0.016466365090909093,33.59868374090274,35.674109782051225,10.03986983164983,5.2,4.0,58.0,-4.10242248030074,-0.01800623893601041
b2c9,2,791.0,5.6C(26%)-4.5C,True,,1.0975024424242423,0.015396235121212121,32.3508526526095,33.58605048865401,10.039928501683493,5.6,4.5,26.0,-4.344425682662564,-0.007422376522853262
b2c10,2,492.0,4.8C(80%)-4.8C,True,,1.1111783965656563,0.01705791890909091,31.720791269063756,34.35574737651136,10.169499612794551,4.8,4.8,80.0,-3.4509001132975605,-0.028049015123589097
b2c11,2,449.0,5.2C(50%)-4.25C,True,,1.1010659737373738,0.01721894155555555,33.146477466034135,37.95576609273272,10.173883215488235,5.2,4.25,50.0,-3.485393220979881,-0.03511344370435597
b2c12,2,466.0,4.65C(44%)-5C,True,,1.104144308080808,0.01652292034343434,31.314676947956993,33.5953920153671,10.174858552188601,4.65,5.0,44.0,-3.1679683681509765,-0.04311293996753501
b2c13,2,460.0,4.65C(69%)-6C,True,,1.0949361080808082,0.016067178222222225,31.946988973926523,35.0716189725971,10.214119579124512,4.65,6.0,69.0,-3.3444477218838284,-0.030081440786086933
b2c14,2,426.0,3.6C(30%)-6C,True,,1.0792566424242422,0.016259522828282826,32.123877001585356,35.20046863818076,10.238429336734788,3.6,6.0,30.0,-3.118519966248836,-0.04125747759149912
b2c15,2,396.0,3.6C(9%)-5C,True,,1.0750435303030301,0.016303822929292926,32.862747677246595,36.07268366663823,10.173053501683547,3.6,5.0,9.0,-3.516251926776714,-0.031891042366999064
b2c16,2,472.0,4.8C(80%)-4.8C,True,,1.0970297515151517,0.01749052915151515,32.7673986704417,36.992036254667184,10.171620942760958,4.8,4.8,80.0,-3.494880991874622,-0.029906504949465743
b2c17,2,471.0,5.6C(26%)-4.5C,True,,1.0939235666666667,0.017088656323232324,32.988612809790894,34.74907966738554,10.181222777777869,5.6,4.5,26.0,-3.5003441284740386,-0.03330763157267275
b2c18,2,449.0,5.2C(50%)-4.25C,True,,1.0825073353535357,0.016646742727272724,32.88627829858526,36.40182568496011,10.174147626262663,5.2,4.25,50.0,-3.707302736176298,-0.02877058751251546
b2c19,2,392.0,6C(60%)-3C,True,,1.094755986868687,0.016718258151515154,32.770067410122046,36.54883267067881,10.173763619528666,6.0,3.0,60.0,-3.291958004542694,-0.03681106798341622
b2c20,2,489.0,5.2C(58%)-4C,True,,1.1000841181818182,0.016610858888888892,33.61911118506716,36.88625705741767,10.172928639455789,5.2,4.0,58.0,-3.4413054314104006,-0.038559859245962856
b2c21,2,408.0,6C(60%)-3C,True,,1.1011154092929292,0.017200276171717172,33.60118814118363,38.660766342322724,10.174732340067363,6.0,3.0,60.0,-3.326679075199306,-0.034499458833302896
b2c24,2,514.0,4.8C(80%)-4.8C,True,,1.0963041979797978,0.01651537671717172,33.206377241160645,38.17140352057085,10.16999885521886,4.8,4.8,80.0,-3.6408852680750527,-0.02438822316317722
b2c25,2,493.0,5.2C(58%)-4C,True,,1.1022470464646466,0.01674041588888889,32.23848796399698,34.442510549892894,10.172931649831627,5.2,4.0,58.0,-3.5344779300217333,-0.030922596903682723
b2c26,2,450.0,5.6C(26%)-4.5C,True,,1.10416721010101,0.017700572575757578,33.75843376995604,36.91322322353181,10.19580411564622,5.6,4.5,26.0,-3.2220536077932804,-0.03808504544043837
b2c27,2,474.0,5.2C(50%)-4.25C,True,,1.0985360303030303,0.01758869122222222,33.30411096115286,38.09066395642736,10.17464639730628,5.2,4.25,50.0,-3.48620363289781,-0.03290734046939585
b2c28,2,437.0,4.8C(80%)-4.8C,True,,1.095054122222222,0.016274739303030306,32.143914131113334,35.334859521378185,10.173453112244815,4.8,4.8,80.0,-3.4234111691232063,-0.03340846788388105
b2c29,2,452.0,5.2C(58%)-4C,True,,1.1100257606060604,0.016732251515151515,31.797490897448796,34.43823202248059,10.173048585858563,5.2,4.0,58.0,-3.5082481790944344,-0.030178569789276938
b2c30,2,412.0,5.6C(26%)-4.5C,True,,1.0929829222222223,0.016883249333333333,33.81182141567536,37.34308786098118,10.201115306122437,5.6,4.5,26.0,-3.1854095592748743,-0.03926631566740161
b2c31,2,425.0,5.6C(26%)-4.5C,True,,1.0998533494949494,0.016325805828282827,33.3758501254003,35.656391701768925,10.194512441077386,5.6,4.5,26.0,-3.35235883148731,-0.03547078844847494
b2c32,2,809.0,4.8C(80%)-4.8C,True,,1.0900473909090909,0.014811171424242424,32.16894887045923,33.94637920302099,10.040991343537483,4.8,4.8,80.0,-4.131466155166347,-0.011040434207718856
b2c33,2,1140.0,5.2C(58%)-4C,True,,1.0705903191919193,0.014990987444444446,32.74157143407892,34.30263809635044,10.03956353535346,5.2,4.0,58.0,-4.23162831933775,-0.007678837662067131
b2c34,2,1186.0,5.6C(26%)-4.5C,True,,1.0671324676767675,0.01495288393939394,35.66789148456313,38.96110461672359,10.040434234693901,5.6,4.5,26.0,-4.448585173324752,-0.009486455856772286
b2c41,2,442.0,5.6C(26%)-4.5C,True,,1.1059561515151515,,30.193787010451164,32.72284623520075,10.189121445578202,5.6,4.5,26.0,-3.1723658101769976,-0.04349402589413809
b2c42,2,474.0,5.2C(50%)-4.25C,True,,1.107131119191919,,31.709620029469267,35.574378964676875,10.175111565656564,5.2,4.25,50.0,-3.482587648007536,-0.025989670019165603
b2c43,2,1029.0,4.8C(80%)-4.8C,True,,1.0986638707070708,,33.92914533704784,36.97438163334141,10.036751245791278,4.8,4.8,80.0,-4.271781928623568,-0.0010891128849294385
b2c44,2,841.0,5.2C(58%)-4C,True,,1.0976287414141412,,33.95995836968299,36.8790253111546,10.040506156462566,5.2,4.0,58.0,-4.36452348032534,-0.011971388688453464
b2c45,2,997.0,5.6C(26%)-4.5C,True,,1.1012188434343433,,35.271412144027664,37.86687606904902,10.040190555555519,5.6,4.5,26.0,-4.175214949171005,-0.01602881950535632
b2c46,2,503.0,4.8C(80%)-4.8C,True,,1.102562018181818,,29.88150861827619,31.01220065415558,10.169808435374172,4.8,4.8,80.0,-3.5088751328187002,-0.029583430649841855
b3c0,3,1009.0,5C(67%)-4C,True,,1.0703864353535353,0.015235852282828284,32.194853230782606,33.560153344027476,10.042610084175084,5.0,4.0,67.0,-4.245114870317645,-0.012736617807327672
b3c1,3,1063.0,5.3C(54%)-4C,True,,1.0677216717171716,0.014984559090909092,34.83231929224147,37.98835277556221,10.041381363636303,5.3,4.0,54.0,-4.28554271039912,-0.013411844366554855
b3c2,3,1267.0,5.6C(19%)-4.6C,False,author excludes noisy/incomplete cell,1.0620735151515153,0.014618566616161614,36.79033178065713,40.5242590441136,10.043663265993228,5.6,4.6,19.0,-4.77938058992098,0.0024589785297841078
b3c3,3,1115.0,5.6C(36%)-4.3C,True,,1.0646530202020204,0.014999963767676767,36.08374244976545,39.4408972847914,10.041502946127975,5.6,4.3,36.0,-4.116607770381197,-0.018177929044241953
b3c4,3,1048.0,5.6C(19%)-4.6C,True,,1.0745377696969698,0.015129103909090906,32.11715379681872,32.98110366119803,10.045573973063998,5.6,4.6,19.0,-4.178465673149821,-0.01693137067712215
b3c5,3,828.0,5.6C(36%)-4.3C,True,,1.0531571414141414,0.01518261805050505,35.56013985266867,39.69079276471186,10.042010656565727,5.6,4.3,36.0,-4.114423974726586,-0.015646425090969994
b3c6,3,667.0,3.7C(31%)-5.9C,True,,1.053759712121212,0.013730660939393938,34.1072055276095,36.98765147763979,10.080923367003404,3.7,5.9,31.0,-3.5257081929454923,-0.02252823002358031
b3c7,3,1836.0,4.8C(80%)-4.8C,True,,1.0701774252525253,0.015428265515151515,32.79694473003086,34.27477909930834,11.040740218855252,4.8,4.8,80.0,-4.488742187967907,-0.011108946455086404
b3c8,3,828.0,5C(67%)-4C,True,,1.068006090909091,0.015253319353535355,33.05552416009523,35.07929651965403,10.043270673400722,5.0,4.0,67.0,-4.091803757442373,-0.017146265820744314
b3c9,3,1039.0,5.3C(54%)-4C,True,,1.0728593262626263,0.0157985837979798,33.08832983925303,35.09617884754773,10.04115065656567,5.3,4.0,54.0,-3.982296953008088,-0.018674753067155304
b3c10,3,1078.0,4.8C(80%)-4.8C,True,,1.06437858989899,0.01537307471717172,32.5348014795901,34.79216549532189,11.039443922558931,4.8,4.8,80.0,-4.4113559240265765,-0.011482831990590662
b3c11,3,817.0,5.6C(19%)-4.6C,True,,1.0698276717171717,0.015524714272727273,34.20373702283128,37.60932852326845,10.042466936026983,5.6,4.6,19.0,-3.884921164468091,-0.02153918214497025
b3c12,3,932.0,5.6C(36%)-4.3C,True,,1.0763353797979798,0.016047835363636364,33.2205731520236,35.542101100869175,10.042442037037002,5.6,4.3,36.0,-3.9467899768101886,-0.018127749346884894
b3c13,3,816.0,5.6C(19%)-4.6C,True,,1.0687136323232325,0.015128562717171716,34.11768528185422,37.233278981795394,10.042358249158227,5.6,4.6,19.0,-4.094466485311571,-0.016669751671652116
b3c14,3,858.0,5.6C(36%)-4.3C,True,,1.077015806060606,0.015551921989898992,33.11953606667905,35.48777029470216,10.041858265993287,5.6,4.3,36.0,-3.999667694941731,-0.019361480858774732
b3c15,3,876.0,5.9C(15%)-4.6C,True,,1.070546722222222,0.015306011222222221,33.51055049283859,36.80771071001127,10.04163658249164,5.9,4.6,15.0,-4.000684421929468,-0.018551261971357542
b3c16,3,1638.0,4.8C(80%)-4.8C,True,,1.0635088555555554,0.015311050717171716,34.94134876933804,37.832425406113444,11.040587407407404,4.8,4.8,80.0,-4.694513499472995,-0.006045646454587223
b3c17,3,1315.0,5.3C(54%)-4C,True,,1.067047807070707,0.015443586646464644,35.07228784758459,37.40160198756502,10.042102811447801,5.3,4.0,54.0,-4.439713079764758,-0.008421270812768777
b3c18,3,1146.0,5.6C(19%)-4.6C,True,,1.0688689090909091,0.015015526535353539,35.2914180269327,37.97024186611959,10.04310829966328,5.6,4.6,19.0,-4.254052001185467,-0.01391633053797466
b3c19,3,1155.0,5.6C(36%)-4.3C,True,,1.0727208262626262,0.01546349318181818,35.09835953689969,37.876070766588285,10.043189629629584,5.6,4.3,36.0,-4.171941874669042,-0.014443231974646822
b3c20,3,813.0,5C(67%)-4C,True,,1.067449897979798,0.015263322232323233,33.10212248197412,35.739254750947524,10.043380471380493,5.0,4.0,67.0,-4.066344693269561,-0.01876724087104094
b3c21,3,772.0,3.7C(31%)-5.9C,True,,1.0619781898989897,0.014093014131313133,34.900399416468076,37.9177756860133,10.079161515151517,3.7,5.9,31.0,-3.704326685729231,-0.018506331247079108
b3c22,3,1002.0,5.9C(60%)-3.1C,True,,1.0581549232323233,0.015685687353535354,34.61069656408486,37.5322343873043,10.04255023569017,5.9,3.1,60.0,-4.046822397094466,-0.015025119210349429
b3c24,3,825.0,5C(67%)-4C,True,,1.050441208080808,0.015554037858585858,34.68760501613314,37.236331842653044,10.041832441077416,5.0,4.0,67.0,-4.155254994876533,-0.016404820550165605
b3c25,3,989.0,5.3C(54%)-4C,True,,1.0648225050505051,0.015641851515151513,35.58186389191699,38.88624032121534,10.042413013468028,5.3,4.0,54.0,-4.1465607447332715,-0.01635032818054321
b3c26,3,1028.0,5.6C(19%)-4.6C,True,,1.075112296969697,0.015593572727272726,35.745916536891265,39.14135891629517,10.042290858585826,5.6,4.6,19.0,-4.219507413901045,-0.015420269226488665
b3c27,3,850.0,5.6C(36%)-4.3C,True,,1.0637090626262626,0.014919440515151516,35.30844806776433,38.44588898200405,10.045002356902378,5.6,4.3,36.0,-4.130132310934438,-0.016617710511547153
b3c28,3,541.0,3.7C(31%)-5.9C,True,,1.0445220202020202,0.01342088496969697,35.69688828820833,39.55791836716047,10.088611986532047,3.7,5.9,31.0,-3.451657893017001,-0.028424442939685202
b3c29,3,858.0,5.9C(15%)-4.6C,True,,1.0705002696969699,0.014824126747474747,31.262889334066085,31.680285422399457,10.041979612794579,5.9,4.6,15.0,-4.0635761002012085,-0.018255408174736667
b3c30,3,935.0,5.3C(54%)-4C,True,,1.0717059313131312,0.015572678929292929,32.24311941023021,33.95640656351435,10.04344259259257,5.3,4.0,54.0,-4.1002255467806545,-0.018139375094386716
b3c31,3,731.0,5.9C(60%)-3.1C,True,,1.0707996878787878,0.015875272090909092,34.00003070157337,36.77304266866142,10.045700723905673,5.9,3.1,60.0,-3.8396030254357147,-0.022316891312836443
b3c33,3,1284.0,5C(67%)-4C,True,,1.062159194949495,0.015340797171717173,33.10710984192206,34.284327507895505,10.043259696969717,5.0,4.0,67.0,-4.395898333073689,-0.012028871250315964
b3c34,3,1158.0,5.3C(54%)-4C,True,,1.063246013131313,0.015302312080808081,35.77943527518051,38.98815031750086,10.043539814814821,5.3,4.0,54.0,-4.305659504591576,-0.012429510921060531
b3c35,3,1093.0,5.6C(19%)-4.6C,True,,1.0644993393939395,0.01537437201010101,35.532941501822236,38.53730929443863,10.043588619528593,5.6,4.6,19.0,-4.234858289724564,-0.014477020067460558
b3c36,3,923.0,5.6C(36%)-4.3C,True,,1.0593632474747476,0.0151344318989899,35.87907157748097,39.38680749559564,10.043494949494974,5.6,4.3,36.0,-4.253457920681209,-0.013953585464534181
b3c37,3,1390.0,4.8C(80%)-4.8C,False,author excludes noisy/incomplete cell,1.049442304040404,0.014715773414141417,35.01461049108638,37.82132622347397,11.038428198653161,4.8,4.8,80.0,-5.098855849397497,-0.000953772157991017
b3c38,3,1935.0,5C(67%)-4C,True,,1.0719827515151514,0.01583589924242424,34.745836319764145,37.739090670595026,10.043707962962927,5.0,4.0,67.0,-4.342053043792284,-0.009487317652221303
b3c39,3,1156.0,5.3C(54%)-4C,True,,1.0505830505050504,0.015563160080808082,33.887021839840784,36.074946023996944,10.043092710437712,5.3,4.0,54.0,-4.454635076566319,-0.008736551054778753
b3c40,3,796.0,5.6C(19%)-4.6C,True,,1.062999387878788,0.015390749383838383,34.05341123035083,37.527810173662246,10.043764865319858,5.6,4.6,19.0,-4.29510827493732,-0.013618434076516184
b3c41,3,786.0,5.6C(36%)-4.3C,True,,1.0543741434343434,0.018306992535353537,33.640262798950594,36.62919119540175,10.043162962962906,5.6,4.3,36.0,-4.2195093707566445,-0.013203172671126504
b3c42,3,1642.0,4.8C(80%)-4.8C,False,author excludes noisy/incomplete cell,1.0695203565656566,0.016131830323232323,33.03326599301577,35.57262282220451,11.03849814814812,4.8,4.8,80.0,-4.346194685061839,0.007764619269735315
b3c43,3,1046.0,5C(67%)-4C,False,author excludes noisy/incomplete cell,1.0728844272727274,0.015828501373737373,33.89526904792961,36.95614928561784,10.043652104377044,5.0,4.0,67.0,-4.316748020025344,0.004642594772901707
b3c44,3,940.0,5.3C(54%)-4C,True,,1.07331738989899,0.015572503777777776,33.35164903826186,36.336163666791506,10.043212407407367,5.3,4.0,54.0,-4.131495522376496,-0.016319439489918642
b3c45,3,1801.0,4.8C(80%)-4.8C,True,,1.0714658575757574,0.015618692474747477,32.72596355233115,34.6817726725469,11.038587558922575,4.8,4.8,80.0,-4.5208508005857535,-0.010583285418641168
