signal,Batch 1,Batch 2,Batch 3,All
mean_QD,0.24978886550607277,-0.33256954604412137,0.29187664040605554,-0.5007639408722296
mean_IR,0.22400166343886616,-0.6255133874742053,0.20081813449178393,-0.3792622711376241
mean_Tavg,-0.1727081087650401,0.4253120270489284,-0.03945145456591711,0.3299159835144343
mean_Tmax,-0.16330378641843238,0.018802285438894787,-0.1378064278694353,0.023339583012628767
mean_chargetime,0.5697695328050203,-0.9174099479141924,0.5976439629273912,0.19815935494596784
C1,-0.23522435585860277,0.19074658847387702,-0.039167005537879475,0.03793217039144077
C2,-0.23466244128456978,-0.11630518850837056,-0.10923676504916531,-0.14052301723533947
SOC_switch,-0.17462388443306304,0.1161198784598481,0.5317882984464393,0.13200051845732963
dq_log_variance,-0.8265843267936154,-0.9018830736836407,-0.7416614991152235,-0.8569122398252642
dq_band_gap,0.828964985534539,0.8848452182848243,0.7474146373857844,0.8180881690605137
