stage,fold,fit_n,held_n,cell_overlap,protocol_overlap
outer-report-CV,1,23,6,0,0
outer-report-CV,2,23,6,0,0
outer-report-CV,3,23,6,0,0
outer-report-CV,4,23,6,0,0
outer-report-CV,5,24,5,0,0
outer-1-inner-CV,1,15,8,0,0
outer-1-inner-CV,2,15,8,0,0
outer-1-inner-CV,3,16,7,0,0
outer-2-inner-CV,1,15,8,0,0
outer-2-inner-CV,2,15,8,0,0
outer-2-inner-CV,3,16,7,0,0
outer-3-inner-CV,1,15,8,0,0
outer-3-inner-CV,2,15,8,0,0
outer-3-inner-CV,3,16,7,0,0
outer-4-inner-CV,1,15,8,0,0
outer-4-inner-CV,2,15,8,0,0
outer-4-inner-CV,3,16,7,0,0
outer-5-inner-CV,1,16,8,0,0
outer-5-inner-CV,2,16,8,0,0
outer-5-inner-CV,3,16,8,0,0
final-selection-CV,1,19,10,0,0
final-selection-CV,2,19,10,0,0
final-selection-CV,3,20,9,0,0
